<queries>
	<query name="kibsd.discovery.students" coreTable="students" flattened="true">
		<summary>Discovery Education Student Roster</summary>
		<description>Provide an export for discovery education</description>
		<columns>
			<column column="STUDENTS.SCHOOLID">SchoolID</column>
			<column column="SCHOOLS.DISTRICT_NUMBER">District_Number</column>
			<column column="SCHOOLS.NAME">Name</column>
			<column column="STUDENTS.FIRST_NAME">First_Name</column>
			<column column="STUDENTS.MIDDLE_NAME">Middle_Name</column>
			<column column="STUDENTS.LAST_NAME">Last_Name</column>
			<column column="U_DEF_ACCOUNT_MGMT.Computer_ID">Computer_ID</column>
			<column column="U_DEF_ACCOUNT_MGMT.COMPUTER_PASSWORD">Computer_Password</column>
			<column column="STUDENTS.STUDENT_NUMBER">Student_Number</column>
			<column column="STUDENTS.GRADE_LEVEL">Grade_Level</column>
			<column column="STUDENTS.GUARDIANEMAIL">GuardianEmail</column>      
			<column column="STUDENTS.ENROLL_STATUS">Enroll_Status</column>
		</columns>
		<sql>
			<![CDATA[
				SELECT DISTINCT
                CASE 
                    WHEN s.schoolid = 280010 THEN '45BA-97D3'
                    WHEN s.schoolid = 280020 THEN '66AD-DAF6'
                    WHEN s.schoolid = 280030 THEN '7268-4754'
                    WHEN s.schoolid = 280040 THEN '4323-9D27'
                    WHEN s.schoolid = 280050 THEN '7269-DF64'
                    WHEN s.schoolid = 280060 THEN '726C-E3C2'
                    WHEN s.schoolid = 280070 THEN '726B-6BF6'
                    WHEN s.schoolid = 280080 THEN '492B-82AB'
                    WHEN s.schoolid = 280090 THEN '4A39-8A83'
                    WHEN s.schoolid = 280100 THEN '66AD-A812'
                    WHEN s.schoolid = 280110 THEN '66AD-D2B7'
                    WHEN s.schoolid = 280120 THEN '66AD-1D1A'
                    WHEN s.schoolid = 280180 THEN '726C-69B7'
                    WHEN s.schoolid = 288010 THEN ''
                END AS "Site Passcode",
                'KIBSD' AS "Account Name",
                sch.name AS "Site Name",
                s.first_name AS "First Name",
                SUBSTR(s.middle_name,0,1) AS "Middle Name",
                s.last_name AS "Last Name",
                sa.computer_ID AS "UserName",
                '' AS "Password",
                s.student_number AS "Student ID",
                CASE 
                    WHEN s.grade_level = 0 THEN 'K'
                    ELSE TO_CHAR(s.grade_level)
                END AS "Grade",
                '' AS "Parent Email",
                CASE 
                    WHEN s.enroll_status <= 0 THEN 'N'
                    ELSE 'Y'
                END AS "Archive Flag"                
        FROM Students s
            JOIN U_DEF_ACCOUNT_MGMT sa ON s.dcid = sa.studentsdcid
	        JOIN Schools sch ON s.SchoolID = sch.school_number
        WHERE s.schoolid NOT IN (999999)
			]]>
		</sql>
	</query>
</queries>